Player,Pos,Age,Tm,G,GS,MP,FG,FGA,FG%,3P,3PA,3P%,2P,2PA,2P%,eFG%,FT,FTA,FT%,ORB,DRB,TRB,AST,STL,BLK,TOV,PF,PTS
Quincy Acy,SF,23,TOT,63,0,13.4,1.0,2.2,.468,0.1,0.2,.267,1.0,2.0,.492,.482,0.6,0.8,.660,1.1,2.3,3.4,0.4,0.4,0.4,0.5,1.9,2.7
Quincy Acy,SF,23,TOR,7,0,8.7,0.9,2.0,.429,0.3,0.7,.400,0.6,1.3,.444,.500,0.7,1.1,.625,0.7,1.4,2.1,0.6,0.6,0.4,0.3,1.1,2.7
Quincy Acy,SF,23,SAC,56,0,14.0,1.1,2.3,.472,0.0,0.2,.200,1.0,2.1,.496,.480,0.5,0.8,.667,1.2,2.4,3.6,0.4,0.3,0.4,0.5,2.0,2.7
Al-Farouq Aminu,SF,23,NOP,80,65,25.6,2.9,6.2,.474,0.2,0.6,.271,2.8,5.6,.496,.487,1.1,1.7,.664,1.6,4.6,6.2,1.4,1.0,0.5,1.1,1.8,7.2
Alan Anderson,SF,31,BRK,78,26,22.7,2.5,6.2,.400,1.1,3.2,.339,1.4,3.0,.464,.487,1.2,1.5,.780,0.5,1.7,2.2,1.0,0.6,0.1,0.8,1.9,7.2
Giannis Antetokounmpo,SF,19,MIL,77,23,24.6,2.2,5.4,.414,0.5,1.5,.347,1.7,3.9,.440,.463,1.8,2.6,.683,1.0,3.4,4.4,1.9,0.8,0.8,1.6,2.2,6.8
Trevor Ariza,SF,28,WAS,77,77,35.4,5.1,11.1,.456,2.3,5.7,.407,2.7,5.3,.509,.562,1.9,2.5,.772,1.3,4.9,6.2,2.5,1.6,0.3,1.7,2.3,14.4
Darrell Arthur,SF,25,DEN,68,1,17.1,2.4,6.0,.395,0.4,0.9,.375,2.0,5.1,.399,.424,0.8,0.9,.855,0.8,2.3,3.1,0.9,0.6,0.7,0.9,2.7,5.9
Harrison Barnes,SF,21,GSW,78,24,28.3,3.5,8.7,.399,0.8,2.4,.347,2.6,6.3,.419,.448,1.7,2.3,.718,0.8,3.1,4.0,1.5,0.8,0.3,1.1,2.0,9.5
Matt Barnes,SF,33,LAC,63,40,27.5,3.7,8.4,.438,1.5,4.5,.343,2.1,3.9,.549,.530,1.0,1.4,.733,1.0,3.7,4.6,2.0,0.9,0.4,1.3,2.9,9.9
Shane Battier,SF,35,MIA,73,56,20.1,1.4,3.8,.382,1.0,2.9,.348,0.4,0.9,.492,.515,0.2,0.3,.652,0.5,1.4,1.9,0.9,0.7,0.5,0.3,1.7,4.1
Nicolas Batum,SF,25,POR,82,82,36.0,4.6,10.0,.465,1.8,4.9,.361,2.9,5.1,.566,.554,2.0,2.5,.803,1.4,6.0,7.5,5.1,0.9,0.7,2.5,1.9,13.0
Michael Beasley,SF,25,MIA,55,2,15.1,3.2,6.5,.499,0.4,1.0,.389,2.8,5.5,.518,.528,1.1,1.4,.772,0.6,2.6,3.1,0.8,0.4,0.4,1.0,1.7,7.9
Marco Belinelli,SF,27,SAS,80,25,25.2,4.2,8.7,.485,1.6,3.7,.430,2.6,5.0,.525,.576,1.4,1.6,.847,0.2,2.6,2.8,2.2,0.6,0.1,1.2,1.6,11.4
Corey Brewer,SF,27,MIN,81,81,32.2,4.8,10.0,.481,0.7,2.6,.280,4.1,7.4,.552,.517,2.0,2.8,.718,0.8,1.8,2.6,1.7,1.9,0.4,1.3,2.6,12.3
Ronnie Brewer,SF,28,TOT,24,3,6.7,0.1,0.6,.200,0.0,0.3,.125,0.1,0.3,.286,.233,0.0,0.1,.000,0.1,0.5,0.6,0.4,0.3,0.0,0.1,0.2,0.3
Ronnie Brewer,SF,28,HOU,23,3,6.9,0.1,0.7,.200,0.0,0.3,.125,0.1,0.3,.286,.233,0.0,0.1,.000,0.1,0.5,0.6,0.4,0.3,0.0,0.1,0.2,0.3
Ronnie Brewer,SF,28,CHI,1,0,2.0,0.0,0.0,0,0.0,0.0,0,0.0,0.0,0,0,0.0,0.0,0,0.0,0.0,0.0,0.0,0.0,0.0,0.0,0.0,0.0
Chase Budinger,SF,25,MIN,41,8,18.3,2.4,6.2,.394,1.0,2.9,.350,1.4,3.3,.433,.476,0.8,1.0,.821,0.5,2.0,2.5,0.8,0.5,0.0,0.6,1.4,6.7
Reggie Bullock,SF,22,LAC,43,0,9.2,1.0,2.8,.355,0.5,1.7,.301,0.5,1.1,.438,.446,0.2,0.2,.778,0.3,1.0,1.3,0.3,0.2,0.0,0.3,0.6,2.7
Caron Butler,SF,33,TOT,56,13,25.3,3.8,9.6,.394,1.8,4.4,.394,2.1,5.2,.395,.485,1.1,1.3,.840,0.4,3.7,4.1,1.5,0.8,0.3,1.1,2.1,10.5
Caron Butler,SF,33,MIL,34,13,24.1,4.0,10.4,.387,1.6,4.3,.361,2.5,6.1,.406,.462,1.4,1.6,.839,0.5,4.2,4.6,1.6,0.7,0.3,1.5,1.9,11.0
Caron Butler,SF,33,OKC,22,0,27.2,3.5,8.5,.409,2.0,4.6,.441,1.4,3.8,.369,.530,0.7,0.9,.842,0.2,3.0,3.2,1.2,1.1,0.3,0.4,2.5,9.7
DeMarre Carroll,SF,27,ATL,73,73,32.1,4.1,8.8,.470,1.3,3.7,.362,2.8,5.1,.548,.546,1.5,1.9,.773,1.5,4.1,5.5,1.8,1.5,0.3,1.1,2.6,11.1
Wilson Chandler,SF,26,DEN,62,55,31.1,5.0,11.9,.416,2.0,5.7,.348,3.0,6.2,.478,.499,1.8,2.5,.724,0.9,3.8,4.7,1.8,0.7,0.5,1.3,3.1,13.6
Josh Childress,SF,30,NOP,4,0,6.0,0.0,0.0,0,0.0,0.0,0,0.0,0.0,0,0,0.0,0.0,0,0.0,0.8,0.8,0.5,0.3,0.0,0.3,0.3,0.0
Dionte Christmas,SF,27,PHO,31,0,6.4,0.7,2.0,.355,0.3,1.0,.290,0.4,1.0,.419,.427,0.6,0.8,.750,0.4,0.8,1.2,0.3,0.1,0.1,0.2,0.6,2.3
Victor Claver,SF,25,POR,21,0,8.8,0.8,2.0,.405,0.1,0.9,.167,0.7,1.1,.583,.440,0.5,0.5,.909,0.4,1.4,1.9,0.6,0.1,0.1,0.5,0.8,2.2
Chris Copeland,SF,29,IND,41,0,6.5,1.3,2.9,.470,0.8,1.9,.418,0.5,0.9,.579,.611,0.2,0.3,.714,0.2,0.6,0.8,0.4,0.1,0.2,0.3,0.9,3.7
Robert Covington,SF,23,HOU,7,0,4.9,0.9,2.0,.429,0.6,1.6,.364,0.3,0.4,.667,.571,0.0,0.0,0,0.3,0.4,0.7,0.0,0.3,0.0,0.1,0.4,2.3
Jae Crowder,SF,23,DAL,78,8,16.1,1.7,3.8,.439,0.6,1.9,.331,1.0,1.9,.552,.524,0.6,0.8,.754,0.6,1.9,2.5,0.8,0.8,0.3,0.5,1.3,4.6
Gigi Datome,SF,26,DET,34,0,7.0,1.0,2.9,.351,0.2,1.1,.179,0.8,1.7,.466,.387,0.2,0.3,.800,0.4,0.9,1.4,0.3,0.2,0.0,0.3,0.6,2.4
Austin Daye,SF,25,TOT,22,1,6.7,1.1,3.1,.353,0.5,1.7,.324,0.5,1.4,.387,.441,0.3,0.5,.600,0.2,1.0,1.2,0.4,0.2,0.2,0.2,0.8,3.0
Austin Daye,SF,25,TOR,8,0,4.1,0.4,1.6,.231,0.0,1.0,.000,0.4,0.6,.600,.231,0.3,0.4,.667,0.3,0.6,0.9,0.3,0.0,0.0,0.0,0.5,1.0
Austin Daye,SF,25,SAS,14,1,8.2,1.5,3.9,.382,0.9,2.1,.414,0.6,1.9,.346,.491,0.3,0.5,.571,0.2,1.2,1.4,0.4,0.3,0.3,0.4,1.0,4.1
Nando De Colo,SF,26,TOT,47,3,10.5,1.4,3.3,.418,0.4,1.1,.340,1.0,2.1,.460,.477,0.7,0.7,.886,0.3,1.3,1.6,1.4,0.5,0.1,0.7,1.0,3.8
Nando De Colo,SF,26,SAS,26,3,11.6,1.6,3.6,.452,0.4,1.2,.323,1.2,2.4,.516,.505,0.7,0.8,.818,0.2,1.5,1.7,1.2,0.6,0.1,0.8,1.0,4.3
Nando De Colo,SF,26,TOR,21,0,9.2,1.0,2.9,.367,0.4,1.0,.364,0.7,1.8,.368,.433,0.6,0.6,1.000,0.4,1.0,1.3,1.6,0.3,0.1,0.7,1.1,3.1
Luol Deng,SF,28,TOT,63,63,35.1,5.9,13.7,.431,0.9,3.0,.302,5.0,10.7,.468,.465,3.4,4.3,.791,1.6,4.2,5.7,2.9,1.0,0.1,1.8,1.8,16.0
Luol Deng,SF,28,CHI,23,23,37.4,7.0,15.4,.452,0.7,2.7,.274,6.2,12.7,.490,.476,4.4,5.4,.815,1.7,5.1,6.9,3.7,1.0,0.2,2.6,2.3,19.0
Luol Deng,SF,28,CLE,40,40,33.8,5.3,12.7,.417,1.0,3.2,.315,4.3,9.5,.451,.457,2.8,3.6,.771,1.5,3.6,5.1,2.5,1.0,0.1,1.4,1.5,14.3
Chris Douglas-Roberts,SF,27,CHA,49,8,20.7,2.3,5.1,.440,1.0,2.7,.386,1.2,2.4,.500,.542,1.3,1.7,.805,0.3,2.1,2.4,1.0,0.6,0.3,0.7,1.2,6.9
Jared Dudley,SF,28,LAC,74,43,23.4,2.6,6.0,.438,1.1,3.0,.360,1.6,3.0,.518,.529,0.5,0.8,.655,0.5,1.7,2.2,1.4,0.6,0.1,0.8,2.0,6.9
Mike Dunleavy,SF,33,CHI,82,61,31.5,4.1,9.4,.430,1.5,4.0,.380,2.6,5.5,.467,.510,1.7,2.0,.854,0.6,3.6,4.2,2.3,0.8,0.6,1.3,2.0,11.3
Kevin Durant,SF,25,OKC,81,81,38.5,10.5,20.8,.503,2.4,6.1,.391,8.1,14.8,.549,.560,8.7,9.9,.873,0.7,6.7,7.4,5.5,1.3,0.7,3.5,2.1,32.0
Shane Edwards,SF,26,CLE,2,0,6.0,0.5,1.5,.333,0.0,0.0,0,0.5,1.5,.333,.333,0.0,0.0,0,0.5,0.5,1.0,0.0,0.0,0.0,0.5,0.5,1.0
Jeremy Evans,SF,26,UTA,66,4,18.3,2.7,5.0,.527,0.0,0.0,.000,2.7,5.0,.530,.527,0.8,1.1,.680,1.8,2.9,4.7,0.7,0.6,0.7,0.6,2.1,6.1
Tyreke Evans,SF,24,NOP,72,22,28.2,5.4,12.5,.436,0.3,1.3,.221,5.1,11.1,.461,.448,3.3,4.3,.771,1.1,3.7,4.7,5.0,1.2,0.3,2.4,2.2,14.5
Landry Fields,SF,25,TOR,30,2,10.7,0.9,2.2,.403,0.0,0.2,.000,0.9,2.1,.435,.403,0.5,0.7,.636,0.5,1.5,2.0,0.7,0.3,0.1,0.4,0.8,2.3
Francisco García,SF,32,HOU,55,4,19.7,2.1,5.3,.401,1.3,3.5,.358,0.9,1.8,.485,.519,0.2,0.3,.526,0.4,1.8,2.2,1.1,0.5,0.6,0.5,2.2,5.7
Rudy Gay,SF,27,TOT,73,73,34.7,7.4,16.2,.455,0.9,2.7,.330,6.5,13.5,.481,.483,4.4,5.3,.822,1.5,4.4,6.0,2.9,1.3,0.8,3.1,2.3,20.0
Rudy Gay,SF,27,TOR,18,18,35.5,7.2,18.6,.388,1.2,3.3,.373,6.0,15.3,.391,.421,3.8,4.9,.773,1.6,5.8,7.4,2.2,1.6,1.3,3.3,2.6,19.4
Rudy Gay,SF,27,SAC,55,55,34.4,7.4,15.3,.482,0.8,2.5,.312,6.6,12.8,.516,.508,4.5,5.4,.836,1.5,4.0,5.5,3.1,1.2,0.6,3.0,2.3,20.1
Alonzo Gee,SF,26,CLE,65,24,15.7,1.5,3.6,.415,0.3,0.9,.328,1.2,2.7,.444,.456,0.7,0.9,.705,0.5,1.8,2.3,0.7,0.6,0.2,0.7,1.5,4.0
Paul George,SF,23,IND,80,80,36.2,7.2,17.0,.424,2.3,6.3,.364,4.9,10.8,.458,.490,5.0,5.8,.864,0.8,6.0,6.8,3.5,1.9,0.3,2.8,2.5,21.7
Ryan Gomes,SF,31,OKC,5,0,6.8,0.6,1.6,.375,0.0,0.4,.000,0.6,1.2,.500,.375,0.0,0.0,0,0.0,0.8,0.8,0.2,0.0,0.0,0.2,1.0,1.2
Danny Granger,SF,30,TOT,41,2,20.7,2.8,7.5,.378,1.0,3.1,.336,1.8,4.4,.408,.448,1.5,1.6,.940,0.8,2.5,3.2,1.0,0.3,0.4,1.1,1.5,8.2
Danny Granger,SF,30,IND,29,2,22.5,2.8,7.7,.359,1.1,3.2,.330,1.7,4.4,.380,.428,1.8,1.8,.962,0.8,2.8,3.6,1.1,0.3,0.4,1.2,1.4,8.3
Danny Granger,SF,30,LAC,12,0,16.2,3.0,7.0,.429,1.0,2.8,.353,2.0,4.2,.480,.500,1.0,1.2,.857,0.6,1.8,2.3,0.7,0.3,0.3,0.8,1.8,8.0
Draymond Green,SF,23,GSW,82,12,21.9,2.3,5.6,.407,0.7,2.0,.333,1.6,3.6,.449,.467,1.0,1.5,.667,1.0,3.9,5.0,1.9,1.2,0.9,1.1,2.8,6.2
Jeff Green,SF,27,BOS,82,82,34.2,5.9,14.3,.412,1.6,4.8,.341,4.2,9.5,.448,.469,3.5,4.3,.795,0.7,4.0,4.6,1.7,0.7,0.6,2.0,2.2,16.9
Jordan Hamilton,SF,23,TOT,60,12,17.0,2.5,6.3,.391,1.2,3.3,.354,1.3,3.0,.433,.484,0.7,0.9,.784,0.5,2.7,3.2,0.9,0.7,0.3,0.8,1.1,6.7
Jordan Hamilton,SF,23,DEN,39,11,17.2,2.5,6.5,.390,1.2,3.3,.349,1.4,3.2,.432,.478,0.6,0.8,.742,0.6,2.8,3.4,0.9,0.8,0.3,0.7,0.8,6.8
Jordan Hamilton,SF,23,HOU,21,1,16.6,2.3,5.8,.393,1.2,3.3,.362,1.1,2.5,.434,.496,0.8,1.0,.850,0.4,2.5,2.9,0.9,0.6,0.3,0.9,1.7,6.6
Maurice Harkless,SF,20,ORL,80,41,24.4,2.8,6.0,.464,0.7,1.9,.383,2.1,4.1,.502,.525,1.1,1.8,.594,0.9,2.4,3.3,1.0,1.2,0.6,1.1,1.8,7.4
Elias Harris,SF,24,LAL,2,0,5.5,0.0,0.5,.000,0.0,0.0,0,0.0,0.5,.000,.000,0.0,0.0,0,0.5,0.0,0.5,0.5,0.5,0.0,0.0,0.0,0.0
Gordon Hayward,SF,23,UTA,77,77,36.4,5.5,13.4,.413,1.1,3.6,.304,4.4,9.8,.453,.454,4.0,4.9,.816,0.8,4.3,5.1,5.2,1.4,0.5,2.8,2.0,16.2
Xavier Henry,SF,22,LAL,43,5,21.1,3.3,8.0,.417,0.7,1.9,.346,2.7,6.1,.439,.458,2.7,4.1,.655,0.6,2.1,2.7,1.2,1.0,0.2,1.3,1.8,10.0
Solomon Hill,SF,22,IND,28,0,8.1,0.6,1.4,.425,0.3,0.8,.304,0.4,0.6,.588,.513,0.2,0.3,.857,0.3,1.1,1.5,0.4,0.2,0.1,0.5,0.7,1.7
Robbie Hummel,SF,24,MIN,53,5,12.4,1.3,3.3,.379,0.6,1.7,.360,0.7,1.7,.398,.469,0.3,0.3,.938,0.7,1.8,2.5,0.4,0.3,0.0,0.2,1.1,3.4
Andre Iguodala,SF,30,GSW,63,63,32.4,3.5,7.3,.480,1.0,2.8,.354,2.5,4.5,.558,.548,1.4,2.1,.652,0.8,3.8,4.7,4.2,1.5,0.3,1.6,1.6,9.3
Stephen Jackson,SF,35,LAC,9,0,11.9,0.7,2.9,.231,0.1,1.6,.071,0.6,1.3,.417,.250,0.2,0.4,.500,0.2,0.9,1.1,0.6,0.7,0.1,0.7,1.2,1.7
Damion James,SF,26,SAS,5,1,10.0,0.4,1.8,.222,0.0,0.4,.000,0.4,1.4,.286,.222,0.4,0.4,1.000,0.2,2.2,2.4,0.6,0.0,0.2,0.2,0.6,1.2
Richard Jefferson,SF,33,UTA,82,78,27.0,3.6,8.0,.450,1.5,3.7,.409,2.1,4.3,.484,.544,1.5,2.0,.741,0.2,2.5,2.7,1.6,0.7,0.2,1.1,2.0,10.1
Chris Johnson,SF,23,BOS,40,0,19.7,2.1,5.4,.397,1.1,3.2,.339,1.1,2.2,.483,.498,0.9,1.1,.860,0.8,1.7,2.4,0.8,0.7,0.1,0.6,1.6,6.3
James Johnson,SF,26,MEM,52,4,18.4,2.8,5.9,.464,0.4,1.7,.253,2.3,4.3,.548,.500,1.5,1.7,.844,1.2,2.0,3.2,2.1,0.8,1.1,1.3,2.0,7.4
Wesley Johnson,SF,26,LAL,79,62,28.4,3.5,8.2,.425,1.3,3.4,.369,2.2,4.8,.466,.502,0.8,1.0,.792,0.9,3.5,4.4,1.6,1.1,1.0,1.1,2.6,9.1
James Jones,SF,33,MIA,20,6,11.8,1.6,3.4,.456,1.4,2.7,.519,0.2,0.7,.214,.662,0.4,0.6,.636,0.1,1.1,1.2,0.5,0.2,0.2,0.2,0.3,4.9
Sergey Karasev,SF,20,CLE,22,1,7.1,0.5,1.6,.343,0.2,0.9,.211,0.4,0.7,.500,.400,0.4,0.5,.900,0.0,0.7,0.7,0.3,0.1,0.0,0.5,1.0,1.7
Michael Kidd-Gilchrist,SF,20,CHA,62,62,24.2,2.7,5.7,.473,0.0,0.1,.111,2.7,5.5,.483,.475,1.8,3.0,.614,1.8,3.5,5.2,0.8,0.7,0.6,1.0,2.3,7.2
Kawhi Leonard,SF,22,SAS,66,65,29.1,5.1,9.8,.522,1.0,2.8,.379,4.1,7.0,.579,.576,1.5,1.9,.802,1.2,5.1,6.2,2.0,1.7,0.8,1.2,1.9,12.8
Rashard Lewis,SF,34,MIA,60,6,16.2,1.6,3.9,.415,0.8,2.2,.343,0.9,1.7,.510,.513,0.4,0.6,.788,0.4,1.4,1.8,1.0,0.9,0.1,0.6,1.5,4.5
Shawn Marion,SF,35,DAL,76,76,31.7,4.5,9.3,.482,0.8,2.1,.358,3.7,7.2,.518,.523,0.7,0.9,.785,1.7,4.8,6.5,1.6,1.2,0.5,1.3,1.6,10.4
Cartier Martin,SF,29,TOT,59,6,14.7,1.9,4.5,.420,1.0,2.6,.391,0.9,1.9,.460,.532,0.8,1.1,.738,0.2,1.6,1.9,0.6,0.5,0.1,0.6,1.2,5.6
Cartier Martin,SF,29,ATL,53,6,15.5,2.0,4.8,.414,1.1,2.8,.384,0.9,2.1,.455,.523,0.9,1.2,.754,0.2,1.8,2.0,0.6,0.5,0.1,0.6,1.3,5.9
Cartier Martin,SF,29,CHI,6,0,8.0,0.8,1.3,.625,0.5,0.8,.600,0.3,0.5,.667,.813,0.3,0.7,.500,0.2,0.7,0.8,0.3,0.2,0.0,0.2,0.5,2.5
Luc Mbah a Moute,SF,27,SAC,9,5,21.8,1.7,3.6,.469,0.1,0.3,.333,1.6,3.2,.483,.484,1.0,1.4,.692,1.0,2.0,3.0,1.7,1.0,0.6,0.4,2.0,4.4
Khris Middleton,SF,22,MIL,82,64,30.0,4.6,10.4,.440,1.5,3.5,.414,3.1,6.9,.454,.511,1.4,1.7,.861,0.7,3.0,3.8,2.1,1.0,0.2,1.5,3.0,12.1
Darius Miller,SF,23,NOP,45,7,16.1,1.6,3.7,.440,0.6,1.7,.325,1.1,2.0,.539,.515,0.6,0.8,.806,0.2,1.0,1.2,1.0,0.5,0.2,0.5,2.0,4.4
Mike Miller,SF,33,MEM,82,4,20.8,2.6,5.4,.481,1.3,2.8,.459,1.3,2.6,.505,.602,0.6,0.7,.821,0.4,2.2,2.5,1.6,0.3,0.1,0.9,1.2,7.1
Tony Mitchell,SF,24,MIL,3,0,3.3,1.0,1.7,.600,0.0,0.3,.000,1.0,1.3,.750,.600,0.0,0.0,0,0.3,0.0,0.3,0.3,0.3,0.0,0.0,0.0,2.0
Marcus Morris,SF,24,PHO,82,1,22.0,3.5,7.9,.442,1.2,3.2,.381,2.3,4.8,.483,.518,1.5,1.9,.761,1.0,2.9,3.9,1.1,0.9,0.2,1.2,1.9,9.7
James Nunnally,SF,23,TOT,13,0,12.7,1.2,3.5,.326,0.6,1.9,.320,0.5,1.6,.333,.413,0.5,0.7,.667,0.1,1.4,1.5,0.6,0.5,0.2,0.5,0.8,3.4
James Nunnally,SF,23,ATL,4,0,13.5,1.5,4.5,.333,0.8,2.5,.300,0.8,2.0,.375,.417,0.8,1.0,.750,0.3,1.8,2.0,0.5,0.3,0.3,1.0,0.5,4.5
James Nunnally,SF,23,PHI,9,0,12.3,1.0,3.1,.321,0.6,1.7,.333,0.4,1.4,.308,.411,0.3,0.6,.600,0.0,1.2,1.2,0.7,0.6,0.1,0.3,1.0,2.9
Travis Outlaw,SF,29,SAC,63,4,16.9,2.1,5.2,.399,0.7,1.9,.350,1.4,3.3,.426,.462,0.7,0.8,.808,0.6,2.1,2.7,0.8,0.3,0.3,0.4,1.5,5.4
Chandler Parsons,SF,25,HOU,74,74,37.6,6.3,13.3,.472,1.8,4.7,.370,4.5,8.6,.528,.538,2.2,3.0,.742,0.9,4.6,5.5,4.0,1.2,0.4,1.9,2.3,16.6
Paul Pierce*,SF,36,BRK,75,68,28.0,4.3,9.5,.451,1.5,4.0,.373,2.8,5.5,.507,.529,3.4,4.1,.826,0.3,4.3,4.6,2.4,1.1,0.4,2.0,2.5,13.5
Otto Porter,SF,20,WAS,37,0,8.6,0.9,2.5,.363,0.1,0.6,.190,0.8,1.9,.414,.385,0.2,0.3,.667,0.6,1.0,1.5,0.3,0.2,0.0,0.4,0.7,2.1
Tayshaun Prince,SF,33,MEM,76,76,25.6,2.6,6.5,.407,0.3,0.9,.290,2.4,5.6,.426,.427,0.4,0.8,.567,0.4,2.7,3.1,1.6,0.5,0.3,0.5,0.8,6.0
John Salmons,SF,34,SAC,18,8,24.7,2.3,6.5,.350,0.9,2.3,.381,1.4,4.2,.333,.419,0.4,0.4,1.000,0.4,2.1,2.6,2.4,0.7,0.4,0.8,1.8,5.8
Tornike Shengelia,SF,22,TOT,26,0,5.9,0.5,1.1,.464,0.0,0.2,.000,0.5,0.8,.591,.464,0.1,0.3,.375,0.2,0.5,0.6,0.5,0.1,0.0,0.5,0.7,1.1
Tornike Shengelia,SF,22,BRK,17,0,8.1,0.6,1.4,.458,0.0,0.4,.000,0.6,1.1,.611,.458,0.2,0.5,.375,0.2,0.6,0.8,0.7,0.1,0.1,0.6,0.9,1.5
Tornike Shengelia,SF,22,CHI,9,0,1.9,0.2,0.4,.500,0.0,0.0,0,0.2,0.4,.500,.500,0.0,0.0,0,0.0,0.2,0.2,0.2,0.1,0.0,0.1,0.2,0.4
Kyle Singler,SF,25,DET,82,36,28.5,3.3,7.3,.447,1.1,3.0,.382,2.1,4.3,.492,.525,1.9,2.2,.826,1.4,2.3,3.7,0.9,0.7,0.5,1.0,2.6,9.6
Chris Singleton,SF,24,WAS,25,0,10.0,1.0,2.7,.373,0.3,0.8,.368,0.7,1.9,.375,.425,0.7,1.0,.720,0.7,1.5,2.2,0.2,0.4,0.1,0.7,1.0,3.0
J.R. Smith,SF,28,NYK,74,37,32.7,5.4,12.9,.415,2.6,6.5,.394,2.8,6.4,.436,.514,1.2,1.9,.652,0.5,3.5,4.0,3.0,0.9,0.3,1.5,2.6,14.5
Josh Smith,SF,28,DET,77,76,35.5,6.7,16.0,.419,0.9,3.4,.264,5.8,12.6,.462,.448,2.1,3.9,.532,1.3,5.4,6.8,3.3,1.4,1.4,2.6,2.6,16.4
James Southerland,SF,23,TOT,4,0,7.5,1.3,3.8,.333,0.8,1.5,.500,0.5,2.3,.222,.433,0.3,0.5,.500,0.0,2.0,2.0,0.0,0.3,0.5,0.3,0.8,3.5
James Southerland,SF,23,CHA,1,0,3.0,0.0,3.0,.000,0.0,1.0,.000,0.0,2.0,.000,.000,0.0,0.0,0,0.0,0.0,0.0,0.0,0.0,0.0,0.0,0.0,0.0
James Southerland,SF,23,NOP,3,0,9.0,1.7,4.0,.417,1.0,1.7,.600,0.7,2.3,.286,.542,0.3,0.7,.500,0.0,2.7,2.7,0.0,0.3,0.7,0.3,1.0,4.7
Jeff Taylor,SF,24,CHA,26,8,24.2,3.2,8.4,.376,0.7,2.6,.269,2.5,5.8,.424,.417,1.0,1.8,.553,0.6,1.7,2.3,0.8,0.5,0.2,1.0,2.4,8.0
Mirza Teletović,SF,28,BRK,72,7,19.4,3.1,7.3,.418,1.9,4.8,.390,1.2,2.5,.472,.546,0.6,0.9,.710,0.8,2.9,3.7,0.8,0.4,0.3,0.8,2.0,8.6
Adonis Thomas,SF,20,TOT,6,1,6.2,1.0,2.3,.429,0.2,0.8,.200,0.8,1.5,.556,.464,0.2,0.2,1.000,0.0,0.5,0.5,0.5,0.0,0.0,0.2,1.0,2.3
Adonis Thomas,SF,20,ORL,4,0,6.0,0.8,2.3,.333,0.0,0.8,.000,0.8,1.5,.500,.333,0.3,0.3,1.000,0.0,0.8,0.8,0.5,0.0,0.0,0.0,0.5,1.8
Adonis Thomas,SF,20,PHI,2,1,6.5,1.5,2.5,.600,0.5,1.0,.500,1.0,1.5,.667,.700,0.0,0.0,0,0.0,0.0,0.0,0.5,0.0,0.0,0.5,2.0,3.5
Lance Thomas,SF,25,NOP,5,0,8.4,0.4,1.8,.222,0.0,0.0,0,0.4,1.8,.222,.222,0.4,0.8,.500,0.4,1.0,1.4,0.6,0.0,0.0,0.4,0.8,1.2
Hollis Thompson,SF,22,PHI,77,41,22.6,2.2,4.8,.460,0.9,2.2,.401,1.4,2.7,.507,.550,0.7,0.9,.712,0.9,2.3,3.2,0.9,0.7,0.2,0.8,1.9,6.0
P.J. Tucker,SF,28,PHO,81,81,30.7,3.3,7.6,.431,0.9,2.4,.387,2.4,5.2,.450,.491,1.9,2.5,.776,2.0,4.5,6.5,1.7,1.4,0.3,1.3,2.5,9.4
Hedo Türkoğlu,SF,34,LAC,38,0,10.3,1.1,2.9,.385,0.6,1.3,.440,0.5,1.6,.339,.486,0.2,0.5,.500,0.3,2.1,2.3,0.9,0.5,0.3,0.4,1.3,3.0
Evan Turner,SF,25,TOT,81,56,30.3,5.4,12.6,.425,0.6,1.9,.321,4.7,10.7,.444,.450,2.6,3.2,.813,0.8,4.3,5.0,3.2,0.8,0.1,2.3,2.4,14.0
Evan Turner,SF,25,PHI,54,54,34.9,6.6,15.4,.428,0.7,2.4,.288,5.9,12.9,.455,.451,3.5,4.2,.829,0.9,5.0,6.0,3.7,1.0,0.1,2.9,2.7,17.4
Evan Turner,SF,25,IND,27,2,21.1,2.9,7.0,.411,0.4,0.9,.500,2.4,6.1,.398,.442,0.9,1.3,.706,0.4,2.7,3.2,2.4,0.4,0.1,1.3,1.8,7.1
Gerald Wallace,SF,31,BOS,58,16,24.4,2.0,4.0,.504,0.3,1.1,.297,1.7,2.9,.584,.546,0.8,1.7,.465,0.6,3.0,3.7,2.5,1.3,0.2,1.7,1.4,5.1
Martell Webster,SF,27,WAS,78,13,27.7,3.3,7.5,.433,1.9,4.8,.392,1.4,2.8,.502,.557,1.3,1.6,.840,0.5,2.4,2.8,1.2,0.5,0.2,0.7,1.9,9.7
Derrick Williams,SF,22,SAC,67,15,24.7,2.8,6.4,.437,0.4,1.3,.286,2.4,5.1,.474,.465,2.6,3.6,.708,1.0,3.4,4.4,0.8,0.7,0.2,1.0,1.6,8.5
Reggie Williams,SF,27,OKC,3,0,5.7,1.7,3.0,.556,0.3,1.0,.333,1.3,2.0,.667,.611,0.0,0.0,0,0.0,0.0,0.0,0.3,0.3,0.0,0.7,0.3,3.7
Metta World Peace,SF,34,NYK,29,1,13.4,1.9,4.9,.397,0.6,1.9,.315,1.3,3.0,.448,.457,0.3,0.6,.625,0.6,1.4,2.0,0.6,0.8,0.3,0.7,1.5,4.8
Chris Wright,SF,25,MIL,8,0,15.8,2.6,4.4,.600,0.0,0.1,.000,2.6,4.3,.618,.600,0.8,1.9,.400,1.3,1.3,2.5,0.6,0.9,0.6,0.6,2.1,6.0
Dorell Wright,SF,28,POR,68,13,14.5,1.6,4.4,.374,1.0,3.0,.342,0.6,1.4,.442,.490,0.8,1.0,.754,0.4,2.4,2.8,0.9,0.3,0.2,0.6,0.9,5.0
